Raza,Hipoalergenico,Vida_Min,Vida_Max,Peso_Macho,Peso_Hembra,Descripcion,Vida_Promedio,Peso_Promedio,Longevidad,Tamaño,Aptitud
Affenpinscher,Sí,14,16,5,5,"The Affenpinscher is a small and playful breed of dog that was originally bred in Germany for hunting small game. They are intelligent, energetic, and affectionate, and make excellent companion dogs.",15.0,5.0,Alta,Pequeño,Cazador
Afghan Hound,No,12,14,27,25,"The Afghan Hound is a large and elegant breed of dog that was originally bred in Afghanistan for hunting small game. They are intelligent, independent, and athletic, and make excellent companion dogs.",13.0,26.0,Media,Grande,Cazador
Airedale Terrier,No,12,14,23,20,"The Airedale Terrier is a large and powerful breed of dog that was originally bred in England for hunting small game. They are intelligent, energetic, and determined, and make excellent hunting dogs.",13.0,21.5,Media,Mediano,Cazador
Akita,No,10,12,60,50,"The Akita is a large, muscular dog breed that originated in Japan. They are known for their loyalty and courage.",11.0,55.0,Media,Gigante,General
Alaskan Klee Kai,No,12,15,7,7,The Alaskan Klee Kai is a small to medium-sized breed of dog that was developed in Alaska in the 1970s. It is an active and intelligent breed that is loyal and friendly. The Alaskan Klee Kai stands between 13-17 inches at the shoulder and has a double-coat that can come in various colors and patterns.,13.5,7.0,Alta,Pequeño,General
Alaskan Malamute,No,12,15,39,34,"The Alaskan Malamute is a large and powerful sled dog from Alaska. They are strong and hardworking, yet friendly and loyal. Alaskan Malamutes have a thick, double coat that can be any color. They are active and require plenty of exercise and mental stimulation to stay healthy and happy.",13.5,36.5,Alta,Grande,General
American Bulldog,No,12,14,50,45,"The American Bulldog is a large and powerful breed of dog that was originally bred in the United States for working on farms. They are intelligent, loyal, and protective, and make excellent guard dogs.",13.0,47.5,Media,Gigante,Guardián
American English Coonhound,No,12,14,30,30,"The American English Coonhound is a large and athletic breed of dog that was originally bred in the United States for hunting raccoons. They are intelligent, energetic, and determined, and make excellent hunting dogs.",13.0,30.0,Media,Grande,Cazador
American Eskimo Dog,No,12,15,20,20,"The American Eskimo Dog is a small to medium-sized breed with a thick, fluffy coat that comes in white, cream, or biscuit colors. It is known for its intelligence and its ability to learn a wide variety of tricks.",13.5,20.0,Alta,Mediano,General
American Foxhound,No,12,15,34,34,"The American Foxhound is a large and athletic breed of dog that was originally bred in the United States for hunting foxes. They are intelligent, energetic, and determined, and make excellent hunting dogs.",13.5,34.0,Alta,Grande,Cazador
American Hairless Terrier,No,12,14,7,7,"The American Hairless Terrier is a small to medium-sized breed of terrier that originated in the United States. It is the hairless variety of the Rat Terrier, and was developed by breeding selectively for the gene that causes the hairlessness. The Hairless variety is considered to have a more mellow and laid-back temperament than its coated counterpart, and is an active and intelligent breed that loves to please and stay busy. The breed stands between 12-16 inches at the shoulder and comes in a variety of colors.",13.0,7.0,Media,Pequeño,General
American Leopard Hound,No,12,15,40,35,"The American Leopard Hound is a large, athletic dog breed that was originally bred for hunting. They are known for their spotted coats and keen sense of smell.",13.5,37.5,Alta,Grande,Cazador
American Staffordshire Terrier,No,12,14,40,40,"The American Staffordshire Terrier is a medium-sized breed of dog that was originally bred for dog fighting. They are intelligent, loyal, and protective, and make excellent family pets.",13.0,40.0,Media,Grande,Guardián
American Water Spaniel,No,12,14,20,20,"The American Water Spaniel is a medium-sized breed of dog that was originally bred in the United States for hunting waterfowl. They are intelligent, energetic, and eager to please, and make excellent hunting dogs.",13.0,20.0,Media,Mediano,Cazador
Anatolian Shepherd Dog,No,12,14,70,70,"The Anatolian Shepherd Dog is a large breed of flock guardian dog that originated in Turkey. It is a powerful and athletic breed, with a long, coarse coat. Its head is large and round, with small, erect ears. Its legs are strong and muscular, and its tail is usually docked. The Anatolian Shepherd Dog is an intelligent and loyal breed, and it makes an excellent family pet. It is an active breed, and it needs plenty of exercise and mental stimulation. It is loyal and affectionate, and it enjoys spending time with its family.",13.0,70.0,Media,Gigante,Guardián
Appenzeller Sennenhund,No,12,15,45,45,"The Appenzeller Sennenhund is a large breed of mountain dog that originated in Switzerland. It is a powerful and athletic breed, with a thick, double coat. Its head is large and round, with small, erect ears. Its legs are strong and muscular, and its tail is usually docked. The Appenzeller Sennenhund is an intelligent and loyal breed, and it makes an excellent family pet. It is an active breed, and it needs plenty of exercise and mental stimulation. It is loyal and affectionate, and it enjoys spending time with its family.",13.5,45.0,Alta,Grande,Compañía
Australian Cattle Dog,No,12,15,20,20,"The Australian Cattle Dog is a medium-sized breed of dog that was originally bred in Australia for herding and guarding livestock. They are intelligent, energetic, and hardworking, and make excellent working dogs.",13.5,20.0,Alta,Mediano,Guardián
Australian Kelpie,No,12,14,20,20,"The Australian Kelpie is a lively and intelligent herding dog from Australia. They are active, friendly, and loyal, and make great family pets. Australian Kelpies have a thick, double coat that can be any color. They are easy to train and require plenty of exercise and mental stimulation to stay healthy and happy.",13.0,20.0,Media,Mediano,Compañía
Australian Shepherd,No,12,15,30,25,"The Australian Shepherd is a medium-sized breed with a medium-length, double coat. They have a wedge-shaped head and a muscular body, with a straight, medium-length tail. The Australian Shepherd is an intelligent working dog that is eager to please and loves to be around its family. They are known for their loyalty and are often used in agility, obedience, and herding events.",13.5,27.5,Alta,Grande,Compañía
Australian Stumpy Tail Cattle Dog,No,12,15,20,20,"The Australian Stumpy Tail Cattle Dog is a medium-sized herding dog breed with a distinctive stumpy tail and a smooth, dense coat that can be blue, red, or fawn in color. They are intelligent, energetic, and obedient, and were originally bred to help farmers drive their cattle over long distances.",13.5,20.0,Alta,Mediano,General
Australian Terrier,No,14,16,6,6,"The Australian Terrier is a small breed of terrier that originated in Australia. It is a compact and lively breed, with a short, wiry coat. Its head is large and round, with small, erect ears. Its legs are short and strong, and its tail is usually docked. The Australian Terrier is an intelligent and loyal breed, and it makes an excellent family pet. It is an active breed, and it needs regular exercise and mental stimulation. It is loyal and affectionate, and it enjoys spending time with its family.",15.0,6.0,Alta,Pequeño,Compañía
Azawakh,No,12,14,30,30,"The Azawakh is a small and slender breed of dog that was originally bred in Africa for hunting and guarding. They are intelligent, alert, and athletic, and make excellent companion dogs.",13.0,30.0,Media,Grande,Cazador
Barbado da Terceira,No,12,15,20,20,"The Barbado da Terceira is a large, working breed of dog that originated in the Azores. It is a strong and powerful breed, with a short, wiry coat. Its head is large and round, with small, erect ears. Its legs are strong and muscular, and its tail is usually docked. The Barbado da Terceira is an intelligent and loyal breed, and it makes an excellent family pet. It is an active breed, and it needs plenty of exercise and mental stimulation. It is loyal and affectionate, and it enjoys spending time with its family.",13.5,20.0,Alta,Mediano,Compañía
Barbet,No,12,14,30,30,"The Barbet is an ancient breed of French water dog. They are active, friendly, and highly intelligent, and make great family pets. Barbets have a unique, woolly coat that is curly or wavy and can be any color. They have webbed feet, and are very good swimmers. Barbets bond closely with their family, and do best in homes where they get plenty of attention and exercise.",13.0,30.0,Media,Grande,Compañía
Basenji,No,14,16,10,10,"The Basenji is a small and agile breed of dog that was originally bred in Africa for hunting small game. They are intelligent, independent, and alert, and make excellent companion dogs.",15.0,10.0,Alta,Pequeño,Cazador
Basset Fauve de Bretagne,No,12,15,25,25,"The Basset Fauve de Bretagne is a small and playful breed of dog that was originally bred in France for hunting small game. They are intelligent, affectionate, and loyal, and make excellent companion dogs.",13.5,25.0,Alta,Mediano,Cazador
Basset Hound,No,12,14,29,29,"The Basset Hound is a small and playful breed of dog that was originally bred in France for hunting small game. They are intelligent, affectionate, and loyal, and make excellent companion dogs.",13.0,29.0,Media,Grande,Cazador
Bavarian Mountain Scent Houn,No,12,15,30,30,"The Bavarian Mountain Scent Hound is a medium-sized breed of dog that was originally bred in Germany for hunting small game. They are intelligent, energetic, and determined, and make excellent hunting dogs.",13.5,30.0,Alta,Grande,Cazador
Beagle,No,12,15,11,11,The Beagle is a small to medium-sized dog breed that was originally bred for hunting. They are known for their cheerful dispositions and keen sense of smell.,13.5,11.0,Alta,Mediano,Cazador
Bearded Collie,No,12,14,25,25,"The Bearded Collie is a medium-sized herding dog with a shaggy, thick double coat and a distinctive ""beard"" around the face.",13.0,25.0,Media,Mediano,General
Beauceron,No,12,14,30,30,"The Beauceron is a large and powerful breed of dog that was originally bred in France for herding and guarding livestock. They are intelligent, loyal, and protective, and make excellent working dogs.",13.0,30.0,Media,Grande,Guardián
Bedlington Terrier,No,12,14,9,9,"The Bedlington Terrier is a small and athletic breed of dog that was originally bred in England for hunting small game. They are intelligent, playful, and affectionate, and make excellent companion dogs.",13.0,9.0,Media,Pequeño,Cazador
Belgian Laekenois,No,12,15,30,30,"The Belgian Laekenois is a strong and agile breed with a wiry, rough coat. They have a powerful, muscular frame and a large, rectangular head with medium-sized eyes. The Belgian Laekenois is an intelligent and alert breed with an independent and lively nature. They are a loyal and devoted companion for families and are known for their protective nature and courage.",13.5,30.0,Alta,Grande,Guardián
Belgian Malinois,No,12,14,30,25,"The Belgian Malinois is a medium-sized herding breed that originated in Belgium. It is an active and intelligent breed that is loyal and devoted to its family. The Belgian Malinois stands between 22-26 inches at the shoulder and has a short, dense coat that can come in various colors and patterns.",13.0,27.5,Media,Grande,Compañía
Belgian Sheepdog,No,12,14,30,30,"The Belgian Sheepdog is a large and intelligent breed of dog that was originally bred in Belgium for herding and guarding livestock. They are loyal, protective, and hardworking, and make excellent working dogs.",13.0,30.0,Media,Grande,Guardián
Belgian Tervuren,No,12,15,25,25,"The Belgian Tervuren is a medium-sized breed of herding dog from Belgium. These dogs are medium in size, with a thick double coat of fur to protect them from the cold. They have an energetic and intelligent demeanor, with an instinct for herding and working. They are highly trainable and obedient, but require firm and consistent training to be obedient. They are loyal and devoted to their family, with an independent nature that makes them well suited for herding and guard work.",13.5,25.0,Alta,Mediano,Guardián
Bergamasco Sheepdog,No,12,15,45,45,"The Bergamasco Sheepdog is a large breed of herding dog from the Bergamasco region of Italy. These dogs are large in size, with a thick and shaggy coat of fur. They have a dignified and loyal demeanor, making them excellent guard and companion dogs. They are highly intelligent and trainable, with an instinct to herd and protect their family and property. They are courageous and alert, with an independent nature that makes them well suited for herding and guard work.",13.5,45.0,Alta,Grande,Guardián
Berger Picard,No,12,14,25,25,"The Berger Picard is a medium-sized breed of dog that was originally bred in France for herding and guarding livestock. They are intelligent, loyal, and protective, and make excellent working dogs.",13.0,25.0,Media,Mediano,Guardián
Bernese Mountain Dog,No,8,10,70,70,"The Bernese Mountain Dog is a large, sturdy dog breed with a thick, silky coat, often black, white, and rust in color. Originally bred to herd cattle and pull carts in the Swiss mountains, they are known for their intelligence, strength, and agility.",9.0,70.0,Corta,Gigante,General
Bichon Frise,Sí,14,16,5,5,"The Bichon Frise is a small and playful breed of dog that was originally bred in France as a companion dog. They are intelligent, affectionate, and loyal, and make excellent family pets.",15.0,5.0,Alta,Pequeño,Compañía
Biewer Terrier,No,14,16,3,3,"The Biewer Terrier is a small and playful breed of dog that was originally bred in Germany for hunting small game. They are intelligent, affectionate, and loyal, and make excellent companion dogs.",15.0,3.0,Alta,Pequeño,Cazador
Black and Tan Coonhound,No,12,15,30,30,"The Black and Tan Coonhound is a large and muscular breed of dog that was originally bred for hunting raccoons. They are intelligent, energetic, and determined, and make excellent hunting dogs.",13.5,30.0,Alta,Grande,Cazador
Black Russian Terrier,No,10,12,60,60,"The Black Russian Terrier is a large and powerful breed of dog that was originally bred in Russia for guarding and protecting property. They are intelligent, loyal, and protective, and make excellent guard dogs.",11.0,60.0,Media,Gigante,Guardián
Bloodhound,No,10,12,54,54,"The Bloodhound is a large scent hound, bred for tracking and hunting humans or animals by their scent.",11.0,54.0,Media,Gigante,Cazador
Bluetick Coonhound,No,12,14,30,30,"The Bluetick Coonhound is a large and athletic breed of dog that was originally bred in the United States for hunting raccoons. They are intelligent, energetic, and determined, and make excellent hunting dogs.",13.0,30.0,Media,Grande,Cazador
Boerboel,No,10,12,80,80,"The Boerboel is a large, powerful and confident mastiff-type breed from South Africa, known for its loyalty, strength, and protective instincts.",11.0,80.0,Media,Gigante,Guardián
Bohemian Shepherd,No,12,14,30,30,The Bohemian Shepherd is a medium-sized herding breed that originated in the Czech Republic. It is an active and intelligent breed that is loyal and friendly. The Bohemian Shepherd stands between 17-21 inches at the shoulder and has a medium-length coat that can come in various colors and patterns.,13.0,30.0,Media,Grande,General
Bolognese,No,14,16,7,7,"The Bolognese is a small and playful breed of dog that was originally bred in Italy as a companion dog. They are intelligent, affectionate, and loyal, and make excellent family pets.",15.0,7.0,Alta,Pequeño,Compañía
Border Collie,No,12,16,30,25,"The Border Collie is a medium-sized breed of herding dog from the borders of England and Scotland. These dogs are medium in size, with a thick double coat of fur to protect them from the cold. They have an energetic and intelligent demeanor, with an instinct for herding and working. They are highly trainable and obedient, but require firm and consistent training to be obedient. They are loyal and devoted to their family, with an independent nature that makes them well suited for herding and guard work.",14.0,27.5,Alta,Grande,Guardián
Border Terrier,No,14,16,8,8,"The Border Terrier is a small and energetic breed of dog that was originally bred in England for hunting small game. They are intelligent, playful, and affectionate, and make excellent companion dogs.",15.0,8.0,Alta,Pequeño,Cazador
Borzoi,No,10,12,45,35,"The Borzoi is a large and athletic breed of dog that was originally bred in Russia for hunting wolves and other large game. They are intelligent, independent, and graceful, and make excellent companion dogs.",11.0,40.0,Media,Grande,Cazador
Boston Terrier,No,12,14,11,11,"The Boston Terrier is a small, intelligent dog breed that originated in the United States. They are known for their friendly dispositions and distinctive black and white coats.",13.0,11.0,Media,Mediano,General
Bouvier des Flandres,No,10,14,40,35,"The Bouvier des Flandres is a large and powerful breed of dog from the Flanders region of Belgium. These dogs are very large in size, with a thick double coat of wire-haired fur. They have a dignified but energetic demeanor, making them excellent working dogs. They are highly intelligent and trainable, with an instinct to protect their family and property. They are brave and loyal, with an independent nature that makes them well suited for herding and guard work.",12.0,37.5,Media,Grande,Guardián
Boxer,No,10,12,32,29,"The Boxer is a large and muscular breed of dog that was originally bred in Germany for guarding and protecting property. They are intelligent, loyal, and protective, and make excellent guard dogs.",11.0,30.5,Media,Grande,Guardián
Boykin Spaniel,No,12,15,16,16,"The Boykin Spaniel is a medium-sized breed of dog that was originally bred in the United States for hunting waterfowl. They are intelligent, friendly, and eager to please, and make excellent hunting dogs.",13.5,16.0,Alta,Mediano,Cazador
Bracco Italiano,No,12,14,30,30,"The Bracco Italiano is a large breed of gun dog that originated in Italy. It is a powerful and athletic breed, with a long, wiry coat. Its head is large and round, with small, erect ears. Its legs are strong and muscular, and its tail is usually docked. The Bracco Italiano is an intelligent and loyal breed, and it makes an excellent family pet. It is an active breed, and it needs plenty of exercise and mental stimulation. It is loyal and affectionate, and it enjoys spending time with its family.",13.0,30.0,Media,Grande,Compañía
Braque du Bourbonnais,No,12,15,30,30,"The Braque du Bourbonnais is a medium-sized breed of hunting dog from the Bourbonnais region of France. These dogs are medium in size, with a short and wiry coat of fur. They have a friendly and energetic demeanor, with an instinct for hunting. They are highly intelligent and trainable, but require firm and consistent training to be obedient. They are loyal and devoted to their family, but can be stubborn and independent at times.",13.5,30.0,Alta,Grande,Cazador
Braque Francais Pyrenean,No,12,14,30,30,"The Braque Francais Pyrenean is a medium-sized, versatile breed that is known for its intelligence, trainability, and love of the outdoors. This breed is native to the Pyrenees Mountains in France, where it was originally used for hunting and pointing game.",13.0,30.0,Media,Grande,Cazador
Briard,No,10,12,40,35,"The Briard is a large, muscular breed with a long, shaggy coat that is typically black, tawny, or gray. It is known for its loyalty and protective instincts.",11.0,37.5,Media,Grande,Guardián
Brittany,No,12,14,25,25,"The Brittany is a medium-sized breed with a short, dense coat and a muscular, athletic build. It is known for its high energy level and its ability to excel in a variety of activities, including hunting, agility, and obedience.",13.0,25.0,Media,Mediano,Cazador
Broholmer,No,8,10,30,30,"The Broholmer is a large, powerful dog breed that was originally bred in Denmark for hunting.",9.0,30.0,Corta,Grande,Cazador
Brussels Griffon,No,12,15,4,4,"The Brussels Griffon is a small, playful breed that is known for its intelligence, comical expression, and affectionate nature. This breed is native to Belgium, where it was originally kept as a companion and lapdog.",13.5,4.0,Alta,Pequeño,Compañía
Bulldog,No,8,10,25,25,"Bulldogs are a strong, stocky breed with a short, smooth coat. They have a wide head and a thick neck, with a short muzzle and deep-set eyes with a determined, friendly expression. Bulldogs are known for their courage and tenacity and are a popular pet thanks to their even temperament and friendly, loyal nature.",9.0,25.0,Corta,Mediano,Compañía
Bullmastiff,No,8,10,59,54,"The Bullmastiff is a large and powerful breed of dog that was originally bred in England for guarding and protecting property. They are intelligent, loyal, and protective, and make excellent guard dogs.",9.0,56.5,Corta,Gigante,Guardián
Bull Terrier,No,12,15,22,20,The Bull Terrier is a medium-sized breed of terrier that was developed in the 19th century in England. It is an active and energetic breed that is loyal and friendly. The Bull Terrier stands between 18-22 inches at the shoulder and has a short and dense coat that can come in various colors.,13.5,21.0,Alta,Mediano,General
Cairn Terrier,No,14,16,6,6,"The Cairn Terrier is a small and energetic breed of dog that was originally bred in Scotland for hunting small game. They are intelligent, playful, and affectionate, and make excellent companion dogs.",15.0,6.0,Alta,Pequeño,Cazador
Canaan Dog,No,12,14,20,20,"The Canaan Dog is a medium-sized, athletic breed that is known for its intelligence, trainability, and alertness. This breed is native to the Middle East, where it was originally used for herding and guarding.",13.0,20.0,Media,Mediano,Guardián
Cane Corso,No,10,12,50,45,"The Cane Corso is a large and powerful breed of dog that was originally bred in Italy for guarding and protecting property. They are intelligent, loyal, and protective, and make excellent guard dogs.",11.0,47.5,Media,Gigante,Guardián
Cardigan Welsh Corgi,No,12,15,15,14,"The Cardigan Welsh Corgi is a medium-sized herding breed of dog that originated in Wales. It is one of two breeds known as Welsh Corgi, the other being the Pembroke Welsh Corgi. Cardigans are known for their long, low-set bodies and short legs. They have strong bodies, with a deep chest and strong legs. They have a medium-length tail that is usually docked, and their coat is long and dense. Cardigans have a friendly and cheerful personality, and they make excellent family dogs. They are loyal and intelligent, and they enjoy being active.",13.5,14.5,Alta,Mediano,Compañía
Carolina Dog,No,12,14,14,14,"The Carolina Dog is a medium-sized breed of dog that originated in the United States. It is an active and energetic breed, with a short, smooth coat. Its head is large and round, with small, erect ears. Its legs are strong and muscular, and its tail is usually docked. The Carolina Dog is an intelligent and loyal breed, and it makes an excellent family pet. It is an active breed, and it needs plenty of exercise and mental stimulation. It is loyal and affectionate, and it enjoys spending time with its family.",13.0,14.0,Media,Mediano,Compañía
Catahoula Leopard Dog,No,12,14,32,32,"The Catahoula Leopard Dog is a large and powerful breed of dog that was originally bred in the United States for herding and guarding livestock. They are intelligent, loyal, and protective, and make excellent working dogs.",13.0,32.0,Media,Grande,Guardián
Caucasian Shepherd Dog,No,15,20,90,70,"The Caucasian Shepherd Dog is a large and powerful breed of dog from the Caucasus Mountains region. These dogs are large in size, with a thick double coat to protect them from the cold. They have a regal bearing, with a proud and confident demeanor. They are highly intelligent and loyal, making them excellent guard dogs. They are courageous and alert, with an instinct to protect their family and property. They are highly trainable, but require firm and consistent training.",17.5,80.0,Alta,Gigante,Guardián
Cavalier King Charles Spaniel,No,12,15,8,8,"The Cavalier King Charles Spaniel is a small breed that originated in the United Kingdom. They have a long, silky coat, and come in a variety of colors. They are a gentle and loving breed, and make good family companions. They are an active breed, and need plenty of exercise and stimulation. They are also very loyal and devoted to their owners.",13.5,8.0,Alta,Pequeño,Compañía
Central Asian Shepherd Dog,No,12,14,90,70,"The Central Asian Shepherd Dog is a large, powerful breed that is known for its intelligence, loyalty, and protectiveness. This breed is native to Central Asia, where it was originally used to guard flocks of sheep and protect families and their homes.",13.0,80.0,Media,Gigante,Guardián
Cesky Terrier,No,12,14,8,8,"The Cesky Terrier is a small, sturdy breed that is known for its intelligence, playfulness, and loyalty. This breed is native to the Czech Republic, where it was originally used to hunt small game and vermin.",13.0,8.0,Media,Pequeño,Cazador
Chesapeake Bay Retriever,No,12,14,36,36,"The Chesapeake Bay Retriever is a large and muscular breed of dog that was originally bred in the United States for retrieving waterfowl. They are intelligent, friendly, and eager to please, and make excellent hunting dogs.",13.0,36.0,Media,Grande,Cazador
Chihuahua,No,14,16,3,3,"The Chihuahua is a small, energetic breed that is known for its intelligence, loyalty, and big personality. This breed is native to Mexico, where it was originally kept as a companion and lapdog.",15.0,3.0,Alta,Pequeño,Compañía
Chinese Crested,Sí,14,16,5,5,"The Chinese Crested is a small, hairless breed that is known for its delicate appearance and playful personality.",15.0,5.0,Alta,Pequeño,General
Chinese Shar-Pei,No,12,14,25,25,"The Chinese Shar-Pei is a large and muscular breed of dog that was originally bred in China for guarding and protecting property. They are intelligent, loyal, and protective, and make excellent guard dogs.",13.0,25.0,Media,Mediano,Guardián
Chinook,No,12,14,29,29,"The Chinook is a large and powerful breed of dog that was originally bred in the United States for sledding and guarding. They are intelligent, loyal, and hardworking, and make excellent working dogs.",13.0,29.0,Media,Grande,Guardián
Chow Chow,No,12,15,32,32,"The Chow Chow is a medium-sized breed of dog that originated in China. It is an independent and loyal breed that is known for its distinctive blue-black tongue. The Chow Chow stands between 17-20 inches at the shoulder and has a dense, long coat that can come in various colors.",13.5,32.0,Alta,Grande,General
Cirneco dell'Etna,No,12,14,14,14,"The Cirneco dell'Etna is a small and slender breed of dog that was originally bred in Sicily for hunting rabbits. They are intelligent, energetic, and independent, and make excellent companion dogs.",13.0,14.0,Media,Mediano,Cazador
Clumber Spaniel,No,12,14,32,32,"The Clumber Spaniel is a large, affectionate and gentle gun dog. It is an ancient breed, first developed in the English county of Clumber in the 1700s. Clumbers are known for their thick white coat, which is usually double-coated, and is relatively low-maintenance. They make excellent family pets, but they also excel in the field as hunting dogs. Clumbers can be very sensitive and they do not respond well to harsh treatment. They are loyal and devoted to their family and are usually good with children.",13.0,32.0,Media,Grande,Cazador
Cocker Spaniel,No,12,15,15,12,"The Cocker Spaniel is a medium-sized breed of dog that was originally bred in England for flushing and retrieving game. They are intelligent, friendly, and eager to please, and make excellent hunting dogs.",13.5,13.5,Alta,Mediano,Cazador
Collie,No,12,14,30,30,"The Collie is a medium-sized herding breed that originated in Scotland. It is an active and intelligent breed that is loyal and devoted to its family. The Collie stands between 22-26 inches at the shoulder and has a long, dense coat that can come in various colors and patterns.",13.0,30.0,Media,Grande,Compañía
Coton de Tulear,No,12,15,6,6,"The Coton de Tulear is a small, fluffy breed with a cotton-like coat that is soft and hypoallergenic. It is known for its friendly and playful personality.",13.5,6.0,Alta,Pequeño,General
Croatian Sheepdog,No,12,15,22,22,"The Croatian Sheepdog is a medium-sized breed of dog that was originally bred in Croatia for herding and guarding livestock. They are intelligent, loyal, and protective, and make excellent working dogs.",13.5,22.0,Alta,Mediano,Guardián
Curly-Coated Retriever,No,12,14,34,32,"The Curly-Coated Retriever is a large breed of retrieving dog from England. These dogs are large in size, with a curly coat of fur. They have a dignified and energetic demeanor, making them excellent working dogs. They are highly intelligent and trainable, with an instinct to retrieve game. They are loyal and devoted to their family, with an independent nature that makes them well suited for retrieving and guard work.",13.0,33.0,Media,Grande,Guardián
Czechoslovakian Vlcak,No,12,14,30,30,"The Czechoslovakian Vlcak is an intelligent and alert breed with an athletic build and a thick, coarse coat. They are an intelligent and highly trainable working dog that is used in many different roles, including as a guard dog, search and rescue, and police dog. The Czech Vlcak is also known for its outstanding loyalty and devotion to its owners.",13.0,30.0,Media,Grande,Guardián
Dachshund,No,12,15,9,9,"The Dachshund is a small and playful breed of dog that was originally bred in Germany for hunting small game. They are intelligent, independent, and affectionate, and make excellent companion dogs.",13.5,9.0,Alta,Pequeño,Cazador
Dalmatian,No,11,13,32,32,"The Dalmatian is a medium-sized breed that originated in Croatia. They have a short, dense coat, and come in a variety of colors. They are an active and energetic breed, and need plenty of exercise and mental stimulation. They are loyal and devoted to their owners, and make good family companions.",12.0,32.0,Media,Grande,Compañía
Dandie Dinmont Terrier,No,12,14,11,11,"The Dandie Dinmont Terrier is a small and playful breed of dog that was originally bred in Scotland for hunting small game. They are intelligent, independent, and affectionate, and make excellent companion dogs.",13.0,11.0,Media,Mediano,Cazador
Danish-Swedish Farmdog,No,12,14,15,15,"The Danish-Swedish Farmdog is a small, energetic herding breed with a short, smooth coat and a keen intelligence.",13.0,15.0,Media,Mediano,General
Deutscher Wachtelhund,No,12,14,20,20,"The Deutscher Wachtelhund is a versatile gundog from Germany. They are strong, lively, and intelligent, and make excellent hunting and family companions. Deutscher Wachtelhunds have a short, dense coat that is usually black and white in color. They are active and require plenty of exercise and mental stimulation to remain healthy and happy.",13.0,20.0,Media,Mediano,Cazador
Doberman Pinscher,No,10,13,40,35,"The Doberman Pinscher is a large and powerful breed of dog that was originally bred in Germany for guarding and protecting property. They are intelligent, loyal, and protective, and make excellent guard dogs.",11.5,37.5,Media,Grande,Guardián
Dogo Argentino,No,10,12,45,45,"The Dogo Argentino is a large breed of dog that originated in Argentina. It is a powerful and athletic breed, with a short, white coat. Its head is large and round, with small, erect ears. Its legs are strong and muscular, and its tail is usually docked. The Dogo Argentino is an intelligent and loyal breed, and it makes an excellent family pet. It is an active breed, and it needs plenty of exercise and mental stimulation. It is loyal and affectionate, and it enjoys spending time with its family.",11.0,45.0,Media,Grande,Compañía
Dogue de Bordeaux,No,8,10,70,70,"The Dogue de Bordeaux is a large breed of dog that originated in France. It is a powerful and athletic breed, with a short, smooth coat. Its head is large and round, with small, erect ears. Its legs are strong and muscular, and its tail is usually docked. The Dogue de Bordeaux is an intelligent and loyal breed, and it makes an excellent family pet. It is an active breed, and it needs plenty of exercise and mental stimulation. It is loyal and affectionate, and it enjoys spending time with its family.",9.0,70.0,Corta,Gigante,Compañía
Drentsche Patrijshond,No,12,14,22,22,"The Drentsche Patrijshond is a medium-sized breed of dog that was originally bred in the Netherlands for hunting small game. They are intelligent, energetic, and determined, and make excellent hunting dogs.",13.0,22.0,Media,Mediano,Cazador
Drever,No,12,14,15,15,"The Drever is a small and agile breed of dog that was originally bred in Sweden for hunting small game. They are intelligent, energetic, and determined, and make excellent hunting dogs.",13.0,15.0,Media,Mediano,Cazador
Dutch Shepherd,No,12,14,40,35,"The Dutch Shepherd is a medium-sized, athletic breed that is known for its intelligence, loyalty, and trainability. This breed is native to the Netherlands, where it was originally used as a herding and guarding dog.",13.0,37.5,Media,Grande,Guardián
English Cocker Spaniel,No,12,14,16,16,"The English Cocker Spaniel is a medium-sized breed of dog that was originally bred in England for hunting small game. They are intelligent, friendly, and eager to please, and make excellent hunting dogs.",13.0,16.0,Media,Mediano,Cazador
English Foxhound,No,12,15,29,27,"The English Foxhound is a medium-sized hound breed that was historically used for hunting foxes. It is an active and energetic breed that is friendly and even-tempered, and is considered to be a very intelligent and obedient breed. The English Foxhound stands between 21-25 inches at the shoulder and has a short to medium-length coat that can come in a variety of colors.",13.5,28.0,Alta,Grande,Cazador
English Setter,No,12,14,30,30,"The English Setter is a large, gentle breed of gundog with a distinctive silky, wavy coat and a calm, intelligent disposition.",13.0,30.0,Media,Grande,General
English Springer Spaniel,No,12,14,17,17,"The English Springer Spaniel is a medium-sized breed of dog that was originally bred in England for flushing and retrieving game. They are intelligent, energetic, and eager to please, and make excellent hunting dogs.",13.0,17.0,Media,Mediano,Cazador
English Toy Spaniel,No,14,16,5,5,"The English Toy Spaniel is a small and playful breed of dog that was originally bred in England as a companion dog. They are intelligent, affectionate, and loyal, and make excellent family pets.",15.0,5.0,Alta,Pequeño,Compañía
Entlebucher Mountain Dog,No,12,14,30,30,The Entlebucher Mountain Dog is a medium-sized dog breed that originated in Switzerland. They are known for their intelligence and loyalty.,13.0,30.0,Media,Grande,General
Estrela Mountain Dog,No,12,14,60,50,"The Estrela Mountain Dog is a large breed of dog that originated in Portugal. It is a powerful and athletic breed, with a thick, double coat. Its head is large and round, with small, erect ears. Its legs are strong and muscular, and its tail is usually docked. The Estrela Mountain Dog is an intelligent and loyal breed, and it makes an excellent family pet. It is an active breed, and it needs plenty of exercise and mental stimulation. It is loyal and affectionate, and it enjoys spending time with its family.",13.0,55.0,Media,Gigante,Compañía
Eurasier,No,12,15,30,30,"The Eurasier is a medium-sized breed of dog that was originally bred in Germany as a companion dog. They are intelligent, loyal, and affectionate, and make excellent family pets.",13.5,30.0,Alta,Grande,Compañía
Field Spaniel,No,12,14,18,18,"The Field Spaniel is a medium-sized, athletic breed that is known for its intelligence, trainability, and love of water. This breed is native to England, where it was originally used for hunting and flushing game.",13.0,18.0,Media,Mediano,Cazador
Finnish Lapphund,No,12,14,20,20,"The Finnish Lapphund is a medium-sized dog breed that originated in Finland. They are known for their thick, double coats and friendly personalities.",13.0,20.0,Media,Mediano,General
Finnish Spitz,No,14,16,16,16,"The Finnish Spitz is a small and agile breed of dog that was originally bred in Finland for hunting small game. They are intelligent, energetic, and determined, and make excellent hunting dogs.",15.0,16.0,Alta,Mediano,Cazador
Flat-Coated Retriever,No,10,12,34,32,"The Flat-Coated Retriever is a large breed of retrieving dog from England. These dogs are large in size, with a flat and glossy coat of fur. They have a lively and affectionate demeanor, making them excellent companion and working dogs. They are highly trainable and intelligent, with an instinct to retrieve game. They are loyal and devoted to their family, with an independent nature that makes them well suited for retrieving and guard work.",11.0,33.0,Media,Grande,Guardián
French Bulldog,No,10,12,14,14,"The French Bulldog is a small and playful breed of dog that was originally bred in France as a companion dog. They are intelligent, affectionate, and loyal, and make excellent family pets.",11.0,14.0,Media,Mediano,Compañía
French Spaniel,No,12,15,30,30,"The French Spaniel is a medium-sized gun dog that originated in France. It is a strong and powerful breed, with a short, smooth coat. Its head is large, with a long muzzle and large, floppy ears. Its legs are strong and muscular, and its tail is usually docked. The French Spaniel is an intelligent and loyal breed, and it makes an excellent family pet. It is an active breed, and it needs plenty of exercise and mental stimulation. It is loyal and affectionate, and it enjoys spending time with its family.",13.5,30.0,Alta,Grande,Compañía
German Longhaired Pointer,No,12,14,32,32,"The German Longhaired Pointer is a medium-sized breed that originated in Germany. They have a thick, wavy coat, and come in a variety of colors. They are an active breed, and need plenty of exercise and mental stimulation. They are loyal and devoted to their owners, and make good family companions.",13.0,32.0,Media,Grande,Compañía
German Pinscher,No,12,15,15,15,"The German Pinscher is a medium-sized, energetic and intelligent breed of dog with a short, smooth coat and a sleek, athletic build.",13.5,15.0,Alta,Mediano,General
German Shepherd Dog,No,9,13,40,32,"The German Shepherd Dog is a large breed that originated in Germany in the late 19th century. They are a working breed, and can be used for a variety of tasks, from herding and guarding to search and rescue. They have a thick double coat, in a variety of colors, and are highly intelligent and loyal. They are an active breed, and need plenty of exercise and mental stimulation.",11.0,36.0,Media,Grande,Guardián
German Shorthaired Pointer,No,12,14,30,30,The German Shorthaired Pointer is a medium to large-sized dog breed that was originally bred for hunting. They are known for their intelligence and energetic personalities.,13.0,30.0,Media,Grande,Cazador
German Spitz,No,14,16,7,7,"The German Spitz is a small to medium-sized dog breed that originated in Germany. They are known for their thick, fluffy coats and playful personalities.",15.0,7.0,Alta,Pequeño,General
German Wirehaired Pointer,No,12,14,32,32,"The German Wirehaired Pointer is a strong, medium-sized breed that originated in Germany in the late 19th century. They are a versatile hunting breed, able to work in all sorts of terrain, from water to mountains. They have a wiry coat that is dense and weather-resistant, and with a distinctive facial mask. They are an active breed, with a lot of energy and an eagerness to please. They are loyal and make good family companions.",13.0,32.0,Media,Grande,Cazador
Giant Schnauzer,No,12,14,70,70,"The Giant Schnauzer is a large breed of working dog that originated in Germany. It is a powerful and athletic breed, with a thick, wiry coat. Its head is large and round, with small, erect ears. Its legs are strong and muscular, and its tail is usually docked. The Giant Schnauzer is an intelligent and loyal breed, and it makes an excellent family pet. It is an active breed, and it needs plenty of exercise and mental stimulation. It is loyal and affectionate, and it enjoys spending time with its family.",13.0,70.0,Media,Gigante,Compañía
Glen of Imaal Terrier,No,12,14,16,16,"The Glen of Imaal Terrier is a small to medium-sized terrier that was historically used for hunting small game. It is an active and intelligent breed that is loyal and friendly. The Glen of Imaal Terrier stands between 12-14 inches at the shoulder and has a long, wiry coat that can come in various colors.",13.0,16.0,Media,Mediano,Cazador
Golden Retriever,No,12,14,34,32,"The Golden Retriever is a large and muscular breed of dog that was originally bred in Scotland for retrieving game. They are intelligent, friendly, and eager to please, and make excellent family pets.",13.0,33.0,Media,Grande,Compañía
Gordon Setter,No,12,14,32,32,"The Gordon Setter is a large and athletic breed of dog that was originally bred for hunting. They are intelligent, energetic, and eager to please, and make excellent companion dogs.",13.0,32.0,Media,Grande,Cazador
Grand Basset Griffon Vendéen,No,12,15,30,30,"The Grand Basset Griffon Vendéen is a medium-sized breed of scent hound from the Vendéen region of France. These dogs are medium in size, with a long and wiry coat of fur. They have an energetic and cheerful demeanor, with an instinct for hunting and tracking. They are highly trainable and intelligent, but require firm and consistent training to be obedient. They are loyal and devoted to their family, but can be stubborn and independent at times.",13.5,30.0,Alta,Grande,Cazador
Great Dane,No,8,10,54,54,"The Great Dane is a large and powerful breed of dog that was originally bred in Germany for hunting large game. They are intelligent, loyal, and gentle, and make excellent companion dogs.",9.0,54.0,Corta,Gigante,Cazador
Greater Swiss Mountain Dog,No,8,10,70,60,"The Greater Swiss Mountain Dog is a large and powerful breed of dog that was originally bred in Switzerland for herding and guarding livestock. They are intelligent, loyal, and hardworking, and make excellent working dogs.",9.0,65.0,Corta,Gigante,Guardián
Great Pyrenees,No,10,12,45,45,"The Great Pyrenees is a large and powerful breed of dog that was originally bred in the Pyrenees Mountains for herding and guarding livestock. They are intelligent, loyal, and protective, and make excellent working dogs.",11.0,45.0,Media,Grande,Guardián
Greyhound,No,10,12,40,40,"The Greyhound is a sleek, athletic breed that is known for its speed, grace, and endurance. This breed is native to the British Isles, where it was originally used for coursing game and racing.",11.0,40.0,Media,Grande,General
Hamiltonstovare,No,12,14,25,25,"The Hamiltonstovare is a medium-sized gundog from Sweden. They are friendly, loyal, and intelligent, and make great family pets. Hamiltonstovares have a thick, double coat that can be black and white, or golden and white in color. They are active and require plenty of exercise and mental stimulation to stay healthy and happy.",13.0,25.0,Media,Mediano,Compañía
Hanoverian Scenthound,No,12,14,25,25,"The Hanoverian Scenthound is a medium-sized breed of scent hound from the Hanover region of Germany. These dogs are medium in size, with a short and wiry coat of fur. They have a friendly and energetic demeanor, with an instinct for hunting and tracking. They are highly intelligent and trainable, but require firm and consistent training to be obedient. They are loyal and devoted to their family, but can be stubborn and independent at times.",13.0,25.0,Media,Mediano,Cazador
Harrier,No,12,15,25,25,"The Harrier is a medium-sized hound breed that was historically used for hunting hares and other small game. It is believed to have descended from a combination of Foxhound, Greyhound, and other hound breeds. The Harrier is an active and energetic breed with a friendly, even temperament and is typically very eager to please. It stands between 19-21 inches at the shoulder, is typically tri-colored, and has a dense, medium-length coat.",13.5,25.0,Alta,Mediano,Cazador
Havanese,No,14,16,5,5,"The Havanese is a small and playful breed of dog that was originally bred in Cuba as a companion dog. They are intelligent, affectionate, and loyal, and make excellent family pets.",15.0,5.0,Alta,Pequeño,Compañía
Hokkaido,No,12,15,30,30,"The Hokkaido is a medium-sized breed of dog from the island of Hokkaido in Japan. These dogs are medium in size, with a thick double coat of fur to protect them from the cold. They have a dignified and loyal demeanor, making them excellent guard and companion dogs. They are intelligent and trainable, but require firm and consistent training to be obedient. They are brave and alert, with an instinct to protect their family and property.",13.5,30.0,Alta,Grande,Guardián
Hovawart,No,12,14,45,40,"The Hovawart is a large and powerful breed of dog that was originally bred in Germany for guarding and protecting property. They are intelligent, loyal, and protective, and make excellent guard dogs.",13.0,42.5,Media,Grande,Guardián
Ibizan Hound,No,12,15,25,25,"The Ibizan Hound is a medium-sized hunting dog from the Balearic Islands of Spain. They are active, friendly, and intelligent, and make great family pets. Ibizan Hounds have a short, glossy coat that is usually white with red or chestnut markings. They are active and require plenty of exercise and mental stimulation to stay healthy and happy.",13.5,25.0,Alta,Mediano,Cazador
Icelandic Sheepdog,No,14,16,20,20,"The Icelandic Sheepdog is a small and energetic breed of dog that was originally bred in Iceland for herding and guarding livestock. They are intelligent, loyal, and hardworking, and make excellent working dogs.",15.0,20.0,Alta,Mediano,Guardián
Irish Red and White Setter,No,12,14,32,32,"The Irish Red and White Setter is a medium-sized breed of dog that was originally bred in Ireland for hunting small game. They are intelligent, energetic, and determined, and make excellent hunting dogs.",13.0,32.0,Media,Grande,Cazador
Irish Setter,No,12,14,32,32,"The Irish Setter is a medium-sized breed of dog that was originally bred for hunting. They are friendly, energetic, and intelligent, and make excellent companion dogs.",13.0,32.0,Media,Grande,Cazador
Irish Terrier,No,12,15,9,9,"The Irish Terrier is a medium-sized, energetic breed that is known for its intelligence, courage, and loyalty. This breed is native to Ireland, where it was originally used to hunt small game and vermin.",13.5,9.0,Alta,Pequeño,Cazador
Irish Water Spaniel,Sí,12,14,32,32,"The Irish Water Spaniel is a large breed of retrieving dog from Ireland. These dogs are large in size, with a long and wavy coat of fur. They have a lively and energetic demeanor, making them excellent working dogs. They are highly trainable and intelligent, with an instinct to retrieve game. They are loyal and devoted to their family, with an independent nature that makes them well suited for retrieving and guard work.",13.0,32.0,Media,Grande,Guardián
Irish Wolfhound,No,6,8,90,90,"The Irish Wolfhound is a large and muscular breed of dog that was originally bred for hunting wolves. They are gentle, intelligent, and loyal, and make excellent family pets.",7.0,90.0,Corta,Gigante,Cazador
Italian Greyhound,Sí,14,16,5,5,"The Italian Greyhound is a small and slender breed of dog that was originally bred for hunting small game. They are gentle, intelligent, and affectionate, and make excellent companion dogs.",15.0,5.0,Alta,Pequeño,Cazador
Jagdterrier,No,12,15,10,10,"The Jagdterrier is a small and agile breed of dog that was originally bred in Germany for hunting small game. They are intelligent, energetic, and determined, and make excellent hunting dogs.",13.5,10.0,Alta,Pequeño,Cazador
Japanese Akitainu,No,12,15,50,45,"The Japanese Akitainu is a large and powerful breed of dog that was originally developed in Japan for dog fighting. They are intelligent, loyal, and protective, and make excellent guard dogs.",13.5,47.5,Alta,Gigante,Guardián
Japanese Chin,No,12,14,4,4,"The Japanese Chin is a small, elegant dog breed with a distinctive, wedge-shaped head and a long, silky coat that can be black, white, or red in color. They are known for their friendly, playful nature and their agility, and were originally bred as companions for the aristocracy in Japan.",13.0,4.0,Media,Pequeño,Compañía
Japanese Spitz,No,12,15,7,7,"The Japanese Spitz is a small, active breed with a long, fluffy coat. They have a triangular head and medium-sized, dark eyes with a friendly expression that is often described as “smiling.” The Japanese Spitz is an intelligent, loyal breed that loves to be around its family and is known for its affectionate nature.",13.5,7.0,Alta,Pequeño,Compañía
Japanese Terrier,No,15,20,4,4,"The Japanese Terrier is a small breed of terrier from Japan. These dogs are small in size, with a short and wiry coat of fur. They have a lively and energetic demeanor, with an instinct for hunting. They are highly intelligent and trainable, but require firm and consistent training to be obedient. They are loyal and devoted to their family, with an independent nature that makes them well suited for herding and guard work.",17.5,4.0,Alta,Pequeño,Cazador
Jindo,No,12,15,15,15,"The Jindo is a medium-sized breed of dog that was originally bred in Korea for hunting and guarding. They are intelligent, independent, and alert, and make excellent companion dogs.",13.5,15.0,Alta,Mediano,Cazador
Kai Ken,No,12,15,20,20,"The Kai Ken is a medium-sized dog breed with a distinctive brindle coat and a strong, muscular build. They are intelligent, loyal, and alert, and were originally bred for hunting game in the mountains of Japan.",13.5,20.0,Alta,Mediano,Cazador
Karelian Bear Dog,No,12,15,30,30,"The Karelian Bear Dog is a medium-sized breed that originated in Finland. They have a thick, double coat, and come in a variety of colors. They are an active and energetic breed, and need plenty of exercise and mental stimulation. They are loyal and devoted to their owners, and make good family companions. They are also excellent guard dogs, and are known for their bravery and courage.",13.5,30.0,Alta,Grande,Guardián
Keeshond,No,12,15,18,18,"The Keeshond is a medium-sized breed of dog that was originally bred in the Netherlands for guarding and protecting property. They are intelligent, friendly, and playful, and make excellent companion dogs.",13.5,18.0,Alta,Mediano,Guardián
Kerry Blue Terrier,Sí,12,14,17,17,"The Kerry Blue Terrier is a medium-sized terrier breed that was developed in Ireland. It is an active and intelligent breed that is loyal and devoted to its family. The Kerry Blue Terrier stands between 17-19 inches at the shoulder and has a long, wavy coat that can come in various colors.",13.0,17.0,Media,Mediano,Compañía
Kishu Ken,No,12,15,30,30,"The Kishu Ken is a medium-sized breed of dog that was originally bred in Japan for hunting small game. They are intelligent, independent, and alert, and make excellent hunting dogs.",13.5,30.0,Alta,Grande,Cazador
Komondor,No,10,12,70,60,"The Komondor is a large, imposing breed that is known for its distinctive white, corded coat and its independent, protective nature. This breed is native to Hungary, where it was originally used to guard flocks of sheep and cattle.",11.0,65.0,Media,Gigante,Guardián
Kromfohrlander,No,12,14,6,6,"The Kromfohrlander is a small to medium-sized breed of dog that originated in Germany. It is an active and energetic breed that is intelligent, loyal, and friendly. The Kromfohrlander stands between 14-19 inches at the shoulder and has a short, wiry coat that comes in various colors and patterns.",13.0,6.0,Media,Pequeño,General
Kuvasz,No,12,14,50,45,"The Kuvasz is a large, muscular breed that was originally bred to protect livestock. It is intelligent and loyal, but can be reserved with strangers.",13.0,47.5,Media,Gigante,Guardián
Labrador Retriever,No,12,14,32,32,"The Labrador Retriever is a large and muscular breed of dog that was originally bred in Canada for retrieving game. They are intelligent, friendly, and eager to please, and make excellent family pets.",13.0,32.0,Media,Grande,Compañía
Lagotto Romagnolo,No,12,15,20,20,"The Lagotto Romagnolo is a small and agile breed of dog that was originally bred in Italy for hunting small game. They are intelligent, energetic, and determined, and make excellent hunting dogs.",13.5,20.0,Alta,Mediano,Cazador
Lakeland Terrier,No,12,15,9,9,"The Lakeland Terrier is a small, agile terrier breed with a wiry, weather-resistant coat and a distinctive plumed tail.",13.5,9.0,Alta,Pequeño,General
Lancashire Heeler,No,12,15,11,11,The Lancashire Heeler is a small to medium-sized breed of dog that was developed in England. It is an active and intelligent breed that is loyal and friendly. The Lancashire Heeler stands between 11-13 inches at the shoulder and has a short and dense coat that comes in various colors and patterns.,13.5,11.0,Alta,Mediano,General
Lapponian Herder,No,12,14,20,20,"The Lapponian Herder is a small to medium-sized, spitz-type herding dog native to Finland.",13.0,20.0,Media,Mediano,General
Leonberger,No,8,10,80,65,"The Leonberger is a large and powerful breed of dog that was originally bred in Germany for working on farms. They are intelligent, gentle, and loyal, and make excellent family pets.",9.0,72.5,Corta,Gigante,Compañía
Lhasa Apso,No,14,16,30,30,"The Lhasa Apso is a small and playful breed of dog that was originally bred in Tibet as a companion dog. They are intelligent, independent, and affectionate, and make excellent family pets.",15.0,30.0,Alta,Grande,Compañía
Löwchen,No,12,15,7,7,"The Löwchen is a small, active breed with a short, wavy coat. They have a small, wedge-shaped head with large, dark eyes and a lively expression. The Löwchen is a playful, loyal breed that loves to be around its family and is known for its eagerness to please and its lively, friendly nature.",13.5,7.0,Alta,Pequeño,Compañía
Maltese,Sí,12,14,4,4,"The Maltese is a small, elegant breed with a long, silky coat. They have a round head with a short muzzle and large, black eyes with a gentle expression. The Maltese is an affectionate, happy breed that loves to be around its family and is known for its gentle and playful nature.",13.0,4.0,Media,Pequeño,Compañía
Manchester Terrier (Standard),No,12,15,7,7,"The Manchester Terrier (Standard) is a small, lively terrier breed from England. They are active and energetic, but also loyal and affectionate. Manchester Terriers have a sleek, short-haired coat that is usually black-and-tan in color. They are intelligent, easy to train, and make great family pets.",13.5,7.0,Alta,Pequeño,Compañía
Manchester Terrier (Toy),No,12,15,5,5,"The Manchester Terrier (Toy) is a small, energetic breed that was originally bred to hunt rats.",13.5,5.0,Alta,Pequeño,Cazador
Mastiff,No,6,8,90,70,"The Mastiff is a large and powerful breed of dog that was originally bred for guarding and protecting property. They are intelligent, loyal, and protective, and make excellent guard dogs.",7.0,80.0,Corta,Gigante,Guardián
Miniature American Shepherd,No,12,14,14,14,"The Miniature American Shepherd is a small and energetic breed of dog that was originally bred in the United States for herding and guarding livestock. They are intelligent, loyal, and hardworking, and make excellent working dogs.",13.0,14.0,Media,Mediano,Guardián
Miniature Bull Terrier,No,12,15,14,14,"The Miniature Bull Terrier is a small and energetic breed of dog that was originally bred in England for bull baiting. They are intelligent, playful, and affectionate, and make excellent companion dogs.",13.5,14.0,Alta,Mediano,Compañía
Miniature Pinscher,Sí,14,16,4,4,"The Miniature Pinscher is a small breed of dog that originated in Germany. It is a compact and lively breed, with a short, smooth coat. Its head is large and round, with small, erect ears. Its legs are short and strong, and its tail is usually docked. The Miniature Pinscher is an intelligent and loyal breed, and it makes an excellent family pet. It is an active breed, and it needs regular exercise and mental stimulation. It is loyal and affectionate, and it enjoys being around its family.",15.0,4.0,Alta,Pequeño,Compañía
Miniature Schnauzer,Sí,12,15,7,7,"The Miniature Schnauzer is a small breed that originated in Germany in the late 19th century. They have a double coat of wiry fur, and come in a variety of colors. They are an intelligent and active breed, and make good family companions. They are alert, and make good watchdogs, and are loyal and devoted to their owners.",13.5,7.0,Alta,Pequeño,Guardián
Mountain Cur,No,12,15,30,30,"The Mountain Cur is a large and powerful breed of dog that was originally bred in the United States for hunting and guarding. They are intelligent, loyal, and protective, and make excellent working dogs.",13.5,30.0,Alta,Grande,Cazador
Mudi,No,12,15,15,15,The Mudi is a small to medium-sized dog breed that originated in Hungary. They are known for their intelligence and versatility.,13.5,15.0,Alta,Mediano,General
Neapolitan Mastiff,No,9,11,70,60,"The Neapolitan Mastiff is a large, powerful breed with a short, thick coat. They have a large, rectangular head and a massive, muscular body, with a deep, broad chest and a thick, powerful neck. The Neapolitan Mastiff is a loyal and devoted breed, with a quiet, even temperament and a strong protective instinct.",10.0,65.0,Corta,Gigante,Guardián
Nederlandse Kooikerhondje,No,12,15,15,15,"The Nederlandse Kooikerhondje is a small and energetic breed of dog that was originally bred in the Netherlands for duck hunting. They are intelligent, playful, and affectionate, and make excellent companion dogs.",13.5,15.0,Alta,Mediano,Cazador
Newfoundland,No,8,10,70,70,"The Newfoundland is a large and muscular breed of dog that was originally bred for working on boats and in the water. They are gentle and intelligent, and make excellent family pets.",9.0,70.0,Corta,Gigante,Compañía
Norfolk Terrier,No,12,15,6,6,"The Norfolk Terrier is a small and energetic breed of dog that was originally bred in England for hunting small game. They are intelligent, playful, and affectionate, and make excellent companion dogs.",13.5,6.0,Alta,Pequeño,Cazador
Norrbottenspets,No,12,15,10,10,"The Norrbottenspets is a small and playful breed of dog that was originally bred in Sweden for hunting small game. They are intelligent, energetic, and affectionate, and make excellent companion dogs.",13.5,10.0,Alta,Pequeño,Cazador
Norwegian Buhund,No,12,14,16,16,"The Norwegian Buhund is a medium-sized breed of dog that was originally bred in Norway for herding and guarding livestock. They are intelligent, friendly, and energetic, and make excellent working dogs.",13.0,16.0,Media,Mediano,Guardián
Norwegian Elkhound,No,12,15,25,23,"The Norwegian Elkhound is an ancient breed of Spitz-type hunting and guard dog from Norway. They are strong and powerful, yet friendly and loyal. Norwegian Elkhounds have a thick, double coat with a long, profuse undercoat and a short, thick outer coat. They come in various colors, including black and grey. They are independent and intelligent, and make great family pets.",13.5,24.0,Alta,Mediano,Cazador
Norwegian Lundehund,No,12,15,9,8,"The Norwegian Lundehund is a small and agile breed of dog that was originally bred in Norway for hunting puffins. They are intelligent, playful, and energetic, and make excellent companion dogs.",13.5,8.5,Alta,Pequeño,Cazador
Norwich Terrier,No,12,15,6,6,"The Norwich Terrier is a small breed of dog that originated in England. It is a compact and lively breed, with a short, wiry coat. Its head is large and round, with small, erect ears. Its legs are short and strong, and its tail is usually docked. The Norwich Terrier is an intelligent and friendly breed, and it makes a great family pet. It is an active breed, and it needs regular exercise and mental stimulation. It is loyal and affectionate, and it enjoys being around its family.",13.5,6.0,Alta,Pequeño,Compañía
Nova Scotia Duck Tolling Retriever,No,12,14,16,16,"The Nova Scotia Duck Tolling Retriever is a medium-sized breed of gun dog that originated in Nova Scotia. It is an active and energetic breed, with a short, wavy coat. Its head is large and round, with small, erect ears. Its legs are strong and muscular, and its tail is usually docked. The Nova Scotia Duck Tolling Retriever is an intelligent and loyal breed, and it makes an excellent family pet. It is an active breed, and it needs plenty of exercise and mental stimulation. It is loyal and affectionate, and it enjoys spending time with its family.",13.0,16.0,Media,Mediano,Compañía
Old English Sheepdog,No,10,12,50,45,"The Old English Sheepdog is a large breed of herding dog from England. These dogs are large in size, with a thick double coat of fur to protect them from the cold. They have a gentle and affectionate demeanor, making them excellent companion and working dogs. They are highly trainable and intelligent, with an instinct to herd and protect their family and property. They are loyal and devoted to their family, with an independent nature that makes them well suited for herding and guard work.",11.0,47.5,Media,Gigante,Guardián
Otterhound,No,8,10,45,45,"The Otterhound is a large and athletic breed of dog that was originally bred in England for hunting otters. They are intelligent, playful, and affectionate, and make excellent companion dogs.",9.0,45.0,Corta,Grande,Cazador
Papillon,No,12,15,4,4,"The Papillon is a small toy breed that originated in France. It is an active and intelligent breed that is friendly and outgoing. The Papillon stands between 8-11 inches at the shoulder and has a long, silky coat that can come in various colors and patterns.",13.5,4.0,Alta,Pequeño,General
Parson Russell Terrier,No,12,14,8,8,"The Parson Russell Terrier is a small and energetic breed of dog that was originally bred for hunting small game. They are intelligent, playful, and energetic, and make excellent companion dogs.",13.0,8.0,Media,Pequeño,Cazador
Pekingese,No,12,14,7,7,"The Pekingese is a small breed of dog that originated in China. It is a compact and lively breed, with a long, silky coat. Its head is large and round, with small, erect ears. Its legs are short and strong, and its tail is usually docked. The Pekingese is an intelligent and loyal breed, and it makes an excellent family pet. It is an active breed, and it needs regular exercise and mental stimulation. It is loyal and affectionate, and it enjoys being around its family.",13.0,7.0,Media,Pequeño,Compañía
Pembroke Welsh Corgi,No,12,15,13,13,"The Pembroke Welsh Corgi is a small breed that originated in Wales. They have a short, thick coat, and come in a variety of colors. They are an intelligent and active breed, and need plenty of exercise and mental stimulation. They are loyal and devoted to their owners, and make good family companions.",13.5,13.0,Alta,Mediano,Compañía
Perro de Presa Canario,No,10,12,50,45,"The Perro de Presa Canario is a large breed of dog from the Canary Islands. These dogs are large in size, with a short and thick coat of fur. They have a dignified and loyal demeanor, making them excellent guard and companion dogs. They are highly trainable and intelligent, with an instinct to protect their family and property. They are brave and alert, with an independent nature that makes them well suited for guard work.",11.0,47.5,Media,Gigante,Guardián
Peruvian Inca Orchid,No,12,15,15,15,"The Peruvian Inca Orchid is a small and agile breed of dog that was originally bred in Peru for hunting small game. They are intelligent, energetic, and determined, and make excellent hunting dogs.",13.5,15.0,Alta,Mediano,Cazador
Petit Basset Griffon Vendéen,No,12,14,16,16,"The Petit Basset Griffon Vendéen is a small and energetic breed of dog that was originally bred in France for hunting small game. They are intelligent, playful, and affectionate, and make excellent companion dogs.",13.0,16.0,Media,Mediano,Cazador
Pharaoh Hound,No,12,14,25,25,"The Pharaoh Hound is a medium-sized breed of dog that originated in Malta. It is an ancient breed that is believed to be one of the oldest domesticated breeds in the world. The Pharaoh Hound has a medium-sized body, with a muscular and well-defined chest. Its head is broad, with a long muzzle and large, erect ears. Its coat is short and smooth, and comes in shades of tan and red. The Pharaoh Hound is a loyal and affectionate breed, and it enjoys spending time with its family. It is an active breed, and it needs plenty of exercise and mental stimulation.",13.0,25.0,Media,Mediano,Compañía
Plott,No,12,14,41,41,"The Plott is a medium-sized breed that originated in the United States. They are an active breed, and need plenty of exercise and mental stimulation. They have a short, thick coat, and come in a variety of colors. They are loyal and devoted to their owners, and make good family companions.",13.0,41.0,Media,Grande,Compañía
Pointer,No,12,14,30,30,"The Pointer is a medium-sized breed with a short, smooth coat and a muscular, athletic build. It is known for its keen sense of smell and its ability to point out game birds.",13.0,30.0,Media,Grande,General
Polish Lowland Sheepdog,No,12,14,20,20,"The Polish Lowland Sheepdog is a medium-sized breed of dog that was originally bred in Poland for herding and guarding livestock. They are intelligent, loyal, and hardworking, and make excellent working dogs.",13.0,20.0,Media,Mediano,Guardián
Pomeranian,No,12,16,5,5,"The Pomeranian is a small and playful breed of dog that was originally bred in Germany as a companion dog. They are intelligent, affectionate, and loyal, and make excellent family pets.",14.0,5.0,Alta,Pequeño,Compañía
Poodle (Miniature),No,14,16,7,7,"The Miniature Poodle is a small and agile breed of dog that was originally bred in Germany for hunting waterfowl. They are intelligent, friendly, and eager to please, and make excellent companion dogs.",15.0,7.0,Alta,Pequeño,Cazador
Poodle (Standard),No,12,15,30,30,"The Standard Poodle is a large and graceful dog breed from Germany. They are intelligent, active, and loyal, and make great family pets. Standard Poodles have a thick, curly coat that can be any color. They are easy to train and require plenty of exercise and mental stimulation to stay healthy and happy.",13.5,30.0,Alta,Grande,Compañía
Poodle (Toy),Sí,14,16,4,4,"The Toy Poodle is a small and intelligent breed of dog that was originally bred in Germany for hunting waterfowl. They are playful, energetic, and affectionate, and make excellent companion dogs.",15.0,4.0,Alta,Pequeño,Cazador
Porcelaine,No,12,15,10,10,"The Porcelaine is a small and agile breed of dog that was originally bred in France for hunting small game. They are intelligent, energetic, and determined, and make excellent hunting dogs.",13.5,10.0,Alta,Pequeño,Cazador
Portuguese Podengo,No,12,14,10,10,"The Portuguese Podengo is a small and agile breed of dog that was originally bred in Portugal for hunting small game. They are intelligent, energetic, and independent, and make excellent companion dogs.",13.0,10.0,Media,Pequeño,Cazador
Portuguese Podengo Pequeno,No,12,15,6,6,"The Portuguese Podengo Pequeno is a small, agile breed that is known for its keen senses, speed, and versatility. This breed is native to Portugal, where it was originally used to hunt rabbits, rats, and other small game.",13.5,6.0,Alta,Pequeño,Cazador
Portuguese Pointer,No,12,14,30,30,"The Portuguese Pointer is a medium-sized breed that originated in Portugal. They have a short, thick coat, and come in a variety of colors. They are an active and energetic breed, and make good family companions. They are loyal and devoted to their owners, and need plenty of exercise and mental stimulation.",13.0,30.0,Media,Grande,Compañía
Portuguese Sheepdog,No,12,14,30,30,The Portuguese Sheepdog is a medium-sized herding breed that originated in Portugal. It is an intelligent and loyal breed that is friendly with people and other animals. The Portuguese Sheepdog stands between 17-21 inches at the shoulder and has a medium-length coat that can come in various colors and patterns.,13.0,30.0,Media,Grande,General
Portuguese Water Dog,No,12,15,30,27,"The Portuguese Water Dog is a medium-sized working dog from Portugal. They are active, intelligent, and loyal, and make great family pets. Portuguese Water Dogs have a thick, wavy coat that can be black, brown, or white in color. They are easy to train and require plenty of exercise and mental stimulation to stay healthy and happy.",13.5,28.5,Alta,Grande,Compañía
Pudelpointer,No,12,15,30,25,"The Pudelpointer is a large and athletic breed of dog that was originally bred in Germany for hunting. They are intelligent, energetic, and determined, and make excellent hunting dogs.",13.5,27.5,Alta,Grande,Cazador
Pug,No,12,15,8,8,"The Pug is a small, playful breed that is known for its comical expression, charming personality, and loyalty. This breed is native to China, where it was originally kept as a companion and lapdog by the imperial court.",13.5,8.0,Alta,Pequeño,Compañía
Puli,No,12,15,14,14,"The Puli is a small and agile breed of dog that was originally bred in Hungary for herding and guarding livestock. They are intelligent, loyal, and hardworking, and make excellent working dogs.",13.5,14.0,Alta,Mediano,Guardián
Pumi,No,12,15,16,16,"The Pumi is a small and agile breed of dog that was originally bred in Hungary for herding and guarding livestock. They are intelligent, energetic, and hardworking, and make excellent working dogs.",13.5,16.0,Alta,Mediano,Guardián
Pyrenean Mastiff,No,10,12,100,90,"The Pyrenean Mastiff is a large and powerful breed of dog from the Pyrenees Mountains of Spain. They are strong, intelligent, and loyal, and make great family pets. Pyrenean Mastiffs have a thick, double coat that is usually white with black or brown markings. They are active and require plenty of exercise and mental stimulation to stay healthy and happy.",11.0,95.0,Media,Gigante,Compañía
Pyrenean Shepherd,No,12,15,15,15,"The Pyrenean Shepherd is a small and agile breed of dog that was originally bred in the Pyrenees Mountains for herding and guarding livestock. They are intelligent, energetic, and hardworking, and make excellent working dogs.",13.5,15.0,Alta,Mediano,Guardián
Rafeiro do Alentejo,No,12,14,60,60,"The Rafeiro do Alentejo is a large and powerful breed of dog that was originally bred in Portugal for guarding and protecting property. They are intelligent, loyal, and protective, and make excellent guard dogs.",13.0,60.0,Media,Gigante,Guardián
Rat Terrier,No,14,16,6,6,"The Rat Terrier is a small-sized breed of dog that was originally bred for hunting rats and other small rodents. They are energetic and playful, and make excellent companion dogs.",15.0,6.0,Alta,Pequeño,Cazador
Redbone Coonhound,No,12,14,30,30,"The Redbone Coonhound is a large and athletic breed of dog that was originally bred in the United States for hunting raccoons. They are intelligent, energetic, and determined, and make excellent hunting dogs.",13.0,30.0,Media,Grande,Cazador
Rhodesian Ridgeback,No,12,14,41,41,"The Rhodesian Ridgeback is a large and athletic breed of dog that was originally bred in Zimbabwe for hunting large game. They are intelligent, independent, and loyal, and make excellent companion dogs.",13.0,41.0,Media,Grande,Cazador
Romanian Carpathian Shepherd,No,12,14,65,60,"The Romanian Carpathian Shepherd is a large, powerful dog breed that was originally bred for protecting livestock. They are known for their protective natures and strong work ethic.",13.0,62.5,Media,Gigante,Guardián
Romanian Mioritic Shepherd Dog,No,12,14,50,50,"The Romanian Mioritic Shepherd Dog is a large, fluffy breed that is known for its intelligence, loyalty, and protective nature. This breed is native to the Carpathian Mountains in Romania, where it was originally used to guard flocks of sheep.",13.0,50.0,Media,Gigante,Guardián
Rottweiler,No,8,10,60,55,"The Rottweiler is a large and powerful breed of dog that was originally bred in Germany for herding and guarding livestock. They are intelligent, loyal, and protective, and make excellent working dogs.",9.0,57.5,Corta,Gigante,Guardián
Russell Terrier,No,12,14,7,7,"The Russell Terrier is a small breed of terrier that originated in England. It is a lively and energetic breed, with a short, wire-haired coat. Its head is small and pointed, with small, erect ears. Its legs are short and powerful, and its tail is usually docked. The Russell Terrier is an intelligent and loyal breed, and it makes an excellent family pet. It is an active breed, and it needs plenty of exercise and mental stimulation. It is loyal and affectionate, and it enjoys spending time with its family.",13.0,7.0,Media,Pequeño,Compañía
Russian Toy,No,12,14,3,3,"The Russian Toy is a small yet sturdy breed with a compact body and a short, smooth coat. They have a lively, active temperament and are an ideal companion for families and for those looking for a small, loyal, and loving pet. The Russian Toy is an intelligent breed that is easy to train and loves to please its owners.",13.0,3.0,Media,Pequeño,Compañía
Russian Tsvetnaya Bolonka,No,14,16,5,5,"The Russian Tsvetnaya Bolonka is a small and playful breed of dog that was originally bred in Russia as a companion dog. They are intelligent, affectionate, and loyal, and make excellent family pets.",15.0,5.0,Alta,Pequeño,Compañía
Saint Bernard,No,8,10,110,110,"The Saint Bernard is a large, powerful dog breed with a thick, long coat that is typically red and white or brown and white in color. They are known for their strength, stamina, and gentleness, and were originally bred to help monks at the Great St. Bernard Hospice in the Swiss Alps.",9.0,110.0,Corta,Gigante,General
Saluki,No,12,14,30,30,"The Saluki is a graceful and elegant breed, originating in the Middle East. They are a sight hound, and have a long, sleek coat in a variety of colors. They are highly intelligent, and have an independent nature. They are a fast breed, and have a long stride, and can be used for racing and coursing. They are loyal and devoted to their family, and make good companions.",13.0,30.0,Media,Grande,Compañía
Samoyed,No,12,14,30,30,"The Samoyed is a large and fluffy breed of dog that was originally bred in Siberia for herding and guarding livestock. They are intelligent, friendly, and playful, and make excellent family pets.",13.0,30.0,Media,Grande,Guardián
Schapendoes,No,12,15,20,20,"The Schapendoes is a small and agile breed of dog that was originally bred in the Netherlands for herding and guarding livestock. They are intelligent, friendly, and energetic, and make excellent working dogs.",13.5,20.0,Alta,Mediano,Guardián
Schipperke,No,15,17,7,7,"The Schipperke is a small breed of dog from Belgium. These dogs are small in size, with a thick double coat of fur. They have a lively and energetic demeanor, with an instinct for hunting and tracking. They are highly intelligent and trainable, but require firm and consistent training to be obedient. They are loyal and devoted to their family, but can be stubborn and independent at times.",16.0,7.0,Alta,Pequeño,Cazador
Scottish Deerhound,No,8,10,50,50,"The Scottish Deerhound is a large breed of sighthound that originated in Scotland. It is a powerful and athletic breed, with a long, wiry coat. Its head is large and round, with small, erect ears. Its legs are strong and muscular, and its tail is usually docked. The Scottish Deerhound is an intelligent and loyal breed, and it makes an excellent family pet. It is an active breed, and it needs plenty of exercise and mental stimulation. It is loyal and affectionate, and it enjoys spending time with its family.",9.0,50.0,Corta,Gigante,Compañía
Scottish Terrier,No,12,15,10,9,"The Scottish Terrier is a small, sturdy breed with a wiry coat and a distinctive beard. It is known for its independent and intelligent nature.",13.5,9.5,Alta,Pequeño,General
Sealyham Terrier,No,12,14,10,10,"The Sealyham Terrier is a small and energetic breed of dog that was originally bred in Wales for hunting small game. They are intelligent, playful, and affectionate, and make excellent companion dogs.",13.0,10.0,Media,Pequeño,Cazador
Segugio Italiano,No,12,15,30,30,"The Segugio Italiano is a medium-sized breed of dog that was originally bred in Italy for hunting small game. They are intelligent, athletic, and determined, and make excellent hunting dogs.",13.5,30.0,Alta,Grande,Cazador
Shetland Sheepdog,No,12,15,14,14,"The Shetland Sheepdog is a small, agile breed with a long, thick coat. They have a long head and a medium-sized muzzle, with bright, alert eyes and a lively expression. Shetland Sheepdogs are known for their intelligence, eagerness to please, and devoted loyalty to their owners. They make excellent family pets and are also used in agility, obedience, and herding events.",13.5,14.0,Alta,Mediano,Compañía
Shiba Inu,No,12,15,10,10,"The Shiba Inu is a small and agile breed of dog that was originally bred in Japan for hunting small game. They are intelligent, independent, and alert, and make excellent companion dogs.",13.5,10.0,Alta,Pequeño,Cazador
Shih Tzu,No,14,16,7,7,"The Shih Tzu is a small and playful breed of dog that was originally bred in China as a companion dog. They are intelligent, affectionate, and loyal, and make excellent family pets.",15.0,7.0,Alta,Pequeño,Compañía
Shikoku,No,12,15,22,22,"The Shikoku is a medium-sized breed of dog that was originally bred in Japan for hunting small game. They are intelligent, alert, and energetic, and make excellent companion dogs.",13.5,22.0,Alta,Mediano,Cazador
Siberian Husky,No,12,14,27,23,"The Siberian Husky is a medium-sized working dog from Siberia. They are known for their thick, double coat, which can be black, white, grey, or red and white in color. Siberian Huskies are friendly, outgoing, and loyal, and make great family pets. They are active and require plenty of exercise and mental stimulation to stay healthy and happy.",13.0,25.0,Media,Mediano,Compañía
Silky Terrier,No,12,15,7,7,"The Silky Terrier is a small, sturdy terrier breed known for its soft, silky coat. They have a lively and alert personality, and are very loyal and affectionate towards their family. Silky Terriers are active and require regular exercise and mental stimulation to remain healthy and happy. They are intelligent and eager to please, and make great family pets.",13.5,7.0,Alta,Pequeño,Compañía
Skye Terrier,No,12,15,8,8,"The Skye Terrier is a small breed of terrier from the Isle of Skye in Scotland. These dogs are small in size, with a long and wiry coat of fur. They have a dignified and independent demeanor, with an instinct for hunting. They are highly intelligent and trainable, but require firm and consistent training to be obedient. They are loyal and devoted to their family, but can be stubborn and independent at times.",13.5,8.0,Alta,Pequeño,Cazador
Sloughi,No,12,14,30,30,"The Sloughi is a large and athletic breed of dog that was originally bred in North Africa for hunting. They are intelligent, independent, and athletic, and make excellent companion dogs.",13.0,30.0,Media,Grande,Cazador
Slovakian Wirehaired Pointer,No,12,15,35,35,"The Slovakian Wirehaired Pointer is a medium-sized breed of dog that was originally bred in Slovakia for hunting small game. They are intelligent, energetic, and determined, and make excellent hunting dogs.",13.5,35.0,Alta,Grande,Cazador
Slovensky Cuvac,No,12,14,40,40,"The Slovensky Cuvac is a large and powerful breed of dog that was originally bred in Slovakia for herding and guarding livestock. They are intelligent, loyal, and protective, and make excellent working dogs.",13.0,40.0,Media,Grande,Guardián
Slovensky Kopov,No,12,14,30,30,"The Slovensky Kopov is a medium-sized, athletic breed that is known for its keen senses, endurance, and versatility. This breed is native to Slovakia, where it was originally used for hunting and guarding.",13.0,30.0,Media,Grande,Cazador
Small Munsterlander,No,12,15,20,20,"The Small Munsterlander is a medium-sized breed with a dense, water-resistant coat. It is known for its intelligence and versatility as a hunting and working dog.",13.5,20.0,Alta,Mediano,Cazador
Smooth Fox Terrier,No,12,15,7,7,"The Smooth Fox Terrier is a small breed of terrier from England. These dogs are small in size, with a short and smooth coat of fur. They have a lively and energetic demeanor, with an instinct for hunting. They are highly intelligent and trainable, but require firm and consistent training to be obedient. They are loyal and devoted to their family, but can be stubborn and independent at times.",13.5,7.0,Alta,Pequeño,Cazador
Soft Coated Wheaten Terrier,Sí,12,15,25,25,"The Soft Coated Wheaten Terrier is a medium-sized breed of dog that was originally bred in Ireland for herding and guarding livestock. They are intelligent, playful, and energetic, and make excellent companion dogs.",13.5,25.0,Alta,Mediano,Guardián
Spanish Mastiff,No,8,10,110,100,"The Spanish Mastiff is a large and powerful breed of dog that was originally bred in Spain for herding and guarding livestock. They are intelligent, loyal, and protective, and make excellent working dogs.",9.0,105.0,Corta,Gigante,Guardián
Spanish Water Dog,No,12,14,22,22,"The Spanish Water Dog is a medium-sized breed of dog that was originally bred in Spain for herding and guarding livestock. They are intelligent, energetic, and hardworking, and make excellent working dogs.",13.0,22.0,Media,Mediano,Guardián
Spinone Italiano,No,12,14,35,35,"The Spinone Italiano is a large breed of gun dog that originated in Italy. It is a powerful and athletic breed, with a thick, wiry coat. Its head is large and round, with small, erect ears. Its legs are strong and muscular, and its tail is usually docked. The Spinone Italiano is an intelligent and loyal breed, and it makes an excellent family pet. It is an active breed, and it needs plenty of exercise and mental stimulation. It is loyal and affectionate, and it enjoys spending time with its family.",13.0,35.0,Media,Grande,Compañía
Stabyhoun,No,12,15,25,25,"The Stabyhoun is a small hunting breed that originated in the Netherlands. It is an intelligent and loyal breed that is friendly and eager to please. The Stabyhoun stands between 17-19 inches at the shoulder and has a medium-length coat that comes in black, white, and orange.",13.5,25.0,Alta,Mediano,Cazador
Staffordshire Bull Terrier,No,12,14,17,17,"The Staffordshire Bull Terrier is a small and powerful breed of dog that was originally bred in England for bull baiting. They are intelligent, loyal, and protective, and make excellent companion dogs.",13.0,17.0,Media,Mediano,Guardián
Standard Schnauzer,Sí,12,15,22,22,"The Standard Schnauzer is a medium-sized German working dog. They are intelligent, active, and loyal, and make great family pets. Standard Schnauzers have a distinctive wiry coat that can be black, salt-and-pepper, or black-and-silver in color. They are easy to train and require plenty of exercise and mental stimulation to stay healthy and happy.",13.5,22.0,Alta,Mediano,Compañía
Sussex Spaniel,No,12,15,27,27,"The Sussex Spaniel is a medium-sized breed of spaniel from the Sussex region of England. These dogs are medium in size, with a long and wavy coat of fur. They have a gentle and affectionate demeanor, making them excellent companion dogs. They are highly trainable and intelligent, with an instinct to retrieve game. They are loyal and devoted to their family, with an independent nature that makes them well suited for retrieving and guard work.",13.5,27.0,Alta,Grande,Guardián
Swedish Lapphund,No,12,14,20,20,"The Swedish Lapphund is a medium-sized breed of dog that was originally bred in Sweden for herding and guarding livestock. They are intelligent, friendly, and energetic, and make excellent working dogs.",13.0,20.0,Media,Mediano,Guardián
Swedish Vallhund,No,12,15,16,16,"The Swedish Vallhund is a small and energetic breed of dog that was originally bred in Sweden for herding and guarding livestock. They are intelligent, friendly, and playful, and make excellent working dogs.",13.5,16.0,Alta,Mediano,Guardián
Taiwan Dog,No,12,15,15,15,"The Taiwan Dog is a small and agile breed of dog that was originally bred in Taiwan for hunting small game. They are intelligent, alert, and energetic, and make excellent companion dogs.",13.5,15.0,Alta,Mediano,Cazador
Teddy Roosevelt Terrier,No,12,15,11,11,"The Teddy Roosevelt Terrier is a small breed of terrier that originated in the United States. It is a compact and lively breed, with a short, wiry coat. Its head is large and round, with small, erect ears. Its legs are short and powerful, and its tail is usually docked. The Teddy Roosevelt Terrier is an intelligent and loyal breed, and it makes an excellent family pet. It is an active breed, and it needs regular exercise and mental stimulation. It is loyal and affectionate, and it enjoys being around its family.",13.5,11.0,Alta,Mediano,Compañía
Thai Ridgeback,No,12,14,25,25,The Thai Ridgeback is a medium-sized breed of dog that originated in Thailand. It is an active and intelligent breed that is loyal and devoted to its family. The Thai Ridgeback stands between 20-24 inches at the shoulder and has a short to medium-length coat that comes in various colors.,13.0,25.0,Media,Mediano,Compañía
Tibetan Mastiff,No,10,12,90,90,"The Tibetan Mastiff is a powerful, muscular breed that is known for its courage, independence, and fierce loyalty. This breed is native to the Tibetan Plateau, where it was originally used to guard monasteries and protect flocks of sheep.",11.0,90.0,Media,Gigante,Guardián
Tibetan Spaniel,No,14,16,7,7,"The Tibetan Spaniel is a small breed of spaniel from Tibet. These dogs are small in size, with a short and silky coat of fur. They have a cheerful and affectionate demeanor, making them excellent companion dogs. They are highly trainable and intelligent, with an instinct to protect their family and property. They are loyal and devoted to their family, but can be stubborn and independent at times.",15.0,7.0,Alta,Pequeño,Guardián
Tibetan Terrier,No,14,16,8,8,"The Tibetan Terrier is a small and playful breed of dog that was originally bred in Tibet as a companion dog. They are intelligent, affectionate, and loyal, and make excellent family pets.",15.0,8.0,Alta,Pequeño,Compañía
Tornjak,No,12,14,70,70,"The Tornjak is a large and powerful breed of dog that was originally bred in Croatia for herding livestock and guarding the home. They are intelligent, loyal, and protective, and make excellent guard dogs.",13.0,70.0,Media,Gigante,Guardián
Tosa,No,8,12,80,80,"The Tosa is a large and powerful breed of dog that was originally bred for dog fighting in Japan. They are loyal and protective, and make excellent guard dogs.",10.0,80.0,Corta,Gigante,Guardián
Toy Fox Terrier,No,14,16,3,3,"The Toy Fox Terrier is a small and energetic breed of dog that was originally bred in the United States for hunting small game. They are intelligent, playful, and affectionate, and make excellent companion dogs.",15.0,3.0,Alta,Pequeño,Cazador
Transylvanian Hound,No,12,14,30,30,"The Transylvanian Hound is a large and powerful breed of dog that was originally bred in Romania for hunting large game. They are intelligent, athletic, and determined, and make excellent hunting dogs.",13.0,30.0,Media,Grande,Cazador
Treeing Tennessee Brindle,No,12,14,30,30,"The Treeing Tennessee Brindle is a medium-sized breed of dog that was originally bred in the United States for hunting small game. They are intelligent, energetic, and determined, and make excellent hunting dogs.",13.0,30.0,Media,Grande,Cazador
Treeing Walker Coonhound,No,12,14,30,30,"The Treeing Walker Coonhound is a medium-sized hound breed that was developed by crossing the English and American Foxhounds. It is an active and energetic breed that is friendly, loyal, and intelligent. The Treeing Walker Coonhound stands between 22-27 inches at the shoulder and has a short to medium-length coat that comes in various colors and patterns.",13.0,30.0,Media,Grande,General
Vizsla,No,12,15,30,30,"The Vizsla is a medium-sized breed of dog that was originally bred in Hungary for hunting small game. They are intelligent, energetic, and determined, and make excellent hunting dogs.",13.5,30.0,Alta,Grande,Cazador
Volpino Italiano,No,12,15,6,6,"The Volpino Italiano is an Italian spitz-type breed that is closely related to the Pomeranian. They are a small and lively breed, with an alert and spirited personality. They are very loyal, loving, and affectionate, and make wonderful family pets. Volpinos are active and require plenty of exercise and walks, so they are well suited to active households. They have a thick, white double coat and can be prone to matting and tangling if not groomed properly.",13.5,6.0,Alta,Pequeño,Compañía
Weimaraner,No,12,14,30,30,"The Weimaraner is a large, powerful breed with a short, thick coat. They have a long, elegant head with a deep muzzle and a strong jaw. Weimaraners are an intelligent, active breed with a friendly, loyal nature and are often used in agility, obedience, and hunting events.",13.0,30.0,Media,Grande,Cazador
Welsh Springer Spaniel,No,12,15,25,25,"The Welsh Springer Spaniel is a medium-sized breed of dog that originated in Wales. They have a short, dense coat, and come in a variety of colors. They are an active breed, and need plenty of exercise and mental stimulation. They are loyal and devoted to their owners, and make good family companions.",13.5,25.0,Alta,Mediano,Compañía
Welsh Terrier,No,12,15,9,9,"The Welsh Terrier is a small and energetic breed of dog that was originally bred in Wales for hunting small game. They are intelligent, playful, and affectionate, and make excellent companion dogs.",13.5,9.0,Alta,Pequeño,Cazador
West Highland White Terrier,No,12,15,7,7,"The West Highland White Terrier is a small, energetic breed that is known for its intelligence, independence, and tenacity. This breed is native to the Scottish Highlands, where it was originally used to hunt small game and rodents.",13.5,7.0,Alta,Pequeño,Cazador
Wetterhoun,No,12,14,30,30,"The Wetterhoun is a large, muscular dog breed with a thick, wavy coat that is typically black, brown, or fawn in color. They are known for their intelligence, loyalty, and strength, and were originally bred to hunt waterfowl in the Netherlands.",13.0,30.0,Media,Grande,Cazador
Whippet,No,12,15,15,15,"The Whippet is a medium-sized dog breed with a slender, athletic build and a short, smooth coat that is typically blue, red, or fawn in color. They are known for their speed, grace, and agility, and were originally bred to hunt small game, such as rabbits, by sight.",13.5,15.0,Alta,Mediano,Cazador
Wire Fox Terrier,No,12,15,7,7,"The Wire Fox Terrier is a small and energetic breed of dog that was originally bred in England for hunting small game. They are intelligent, playful, and affectionate, and make excellent companion dogs.",13.5,7.0,Alta,Pequeño,Cazador
Wirehaired Pointing Griffon,No,12,14,27,27,"The Wirehaired Pointing Griffon is a medium-sized breed of dog that was originally bred in Belgium for hunting small game. They are intelligent, energetic, and determined, and make excellent hunting dogs.",13.0,27.0,Media,Grande,Cazador
Wirehaired Vizsla,No,12,15,30,30,"The Wirehaired Vizsla is a medium-sized breed of retrieving dog from Hungary. These dogs are medium in size, with a wiry coat of fur. They have a friendly and energetic demeanor, making them excellent working dogs. They are highly trainable and intelligent, with an instinct to retrieve game. They are loyal and devoted to their family, with an independent nature that makes them well suited for retrieving and guard work.",13.5,30.0,Alta,Grande,Guardián
Working Kelpie,No,12,15,20,20,"The Working Kelpie is a medium-sized breed of herding dog that originated in Australia. It is an active and energetic breed, with a short, wiry coat. Its head is large and round, with small, erect ears. Its legs are strong and muscular, and its tail is usually docked. The Working Kelpie is an intelligent and loyal breed, and it makes an excellent family pet. It is an active breed, and it needs plenty of exercise and mental stimulation. It is loyal and affectionate, and it enjoys spending time with its family.",13.5,20.0,Alta,Mediano,Compañía
Xoloitzcuintli,Sí,12,15,15,15,"The Xoloitzcuintli, also known as the Mexican Hairless Dog, is a small and intelligent breed of dog that was originally bred in Mexico for hunting and guarding. They are loyal, alert, and affectionate, and make excellent companion dogs.",13.5,15.0,Alta,Mediano,Cazador
Yakutian Laika,No,12,15,30,30,"The Yakutian Laika is a medium-sized breed of dog that was originally bred in Siberia for hunting and guarding. They are intelligent, independent, and alert, and make excellent companion dogs.",13.5,30.0,Alta,Grande,Cazador
Yorkshire Terrier,No,12,15,3,3,"The Yorkshire Terrier is a small, intelligent dog breed with a long, silky coat that is typically blue and tan in color. They are known for their feisty, independent nature and their affectionate personalities, and were originally bred to hunt rats and other vermin in the textile mills of Yorkshire, England.",13.5,3.0,Alta,Pequeño,Cazador
